Product_name,Product_link,product_rating,product_price,product_sold,crawl_timestamp
"Balo Laptop ch·ªëng s·ªëc, ba l√¥ ƒëeo vai ch·∫•t li·ªáu v·∫£i s·ª£i nilon polyeste d√πng cho h·ªçc sinh BL21 th·ªùi trang nam n·ªØ d√†nh",https://shopee.vn/Balo-Laptop-ch%E1%BB%91ng-s%E1%BB%91c-ba-l%C3%B4-%C4%91eo-vai-ch%E1%BA%A5t-li%E1%BB%87u-v%E1%BA%A3i-s%E1%BB%A3i-nilon-polyeste-d%C3%B9ng-cho-h%E1%BB%8Dc-sinh-BL21-th%E1%BB%9Di-trang-nam-n%E1%BB%AF-d%C3%A0nh-i.602884089.10474830797?sp_atk=d8aa03e3-a3d6-4c20-9dab-e42af223a810&xptdk=d8aa03e3-a3d6-4c20-9dab-e42af223a810,4.7,‚Ç´129.000,18000,2023-10-08 15:30:11.366873+07:00
"Balo Laptop ch·ªëng s·ªëc C·∫∑p ƒê·ª±ng Laptop d√πng ƒëi h·ªçc, ƒëi l√†m, ƒëi ch∆°i c√≥ c·ªïng s·∫°c",https://shopee.vn/Balo-Laptop-ch%E1%BB%91ng-s%E1%BB%91c-C%E1%BA%B7p-%C4%90%E1%BB%B1ng-Laptop-d%C3%B9ng-%C4%91i-h%E1%BB%8Dc-%C4%91i-l%C3%A0m-%C4%91i-ch%C6%A1i-c%C3%B3-c%E1%BB%95ng-s%E1%BA%A1c-i.13986205.10986262833?sp_atk=6f070093-64d2-4e7d-a882-87132097694e&xptdk=6f070093-64d2-4e7d-a882-87132097694e,4.7,,10000,2023-10-08 15:30:17.148143+07:00
Balo NY si√™u hot ch·ªëng th·∫•m n∆∞·ªõc,https://shopee.vn/Balo-NY-si%C3%AAu-hot-ch%E1%BB%91ng-th%E1%BA%A5m-n%C6%B0%E1%BB%9Bc-i.7575114.10425533290?sp_atk=c62fc5a6-c832-4d96-8e98-e6c4b32e81cf&xptdk=c62fc5a6-c832-4d96-8e98-e6c4b32e81cf,4.5,‚Ç´300.000,415,2023-10-08 15:30:20.942095+07:00
T√∫i tr·ªëng gym d√¢y k√©o v√†ng adidas th·ªÉ thao,https://shopee.vn/T%C3%BAi-tr%E1%BB%91ng-gym-d%C3%A2y-k%C3%A9o-v%C3%A0ng-adidas-th%E1%BB%83-thao-i.903748137.23608633592?sp_atk=6c6b6e79-f095-413a-a57a-05688bb7b7df&xptdk=6c6b6e79-f095-413a-a57a-05688bb7b7df,5.0,,253,2023-10-08 15:30:24.697553+07:00
"Balo laptop nam n·ªØ 14 inch ch·ªëng s·ªëc, t√∫i ƒë·ª±ng m√°y t√≠nh r·∫ª ƒë·∫πp th·ªùi trang c√≥ c·ªïng s·∫°c usb",https://shopee.vn/Balo-laptop-nam-n%E1%BB%AF-14-inch-ch%E1%BB%91ng-s%E1%BB%91c-t%C3%BAi-%C4%91%E1%BB%B1ng-m%C3%A1y-t%C3%ADnh-r%E1%BA%BB-%C4%91%E1%BA%B9p-th%E1%BB%9Di-trang-c%C3%B3-c%E1%BB%95ng-s%E1%BA%A1c-usb-i.552533872.13021917609?sp_atk=3c9d257d-0409-4d09-aec2-929d6b589784&xptdk=3c9d257d-0409-4d09-aec2-929d6b589784,4.8,,4000,2023-10-08 15:30:29.435367+07:00
Balo th·ªùi trang ch·ªëng n∆∞·ªõc the north face Fuse box,https://shopee.vn/Balo-th%E1%BB%9Di-trang-ch%E1%BB%91ng-n%C6%B0%E1%BB%9Bc-the-north-face-Fuse-box-i.126041855.5432959087?sp_atk=4fedfcd6-ba75-4efb-a685-f51cfa17b77e&xptdk=4fedfcd6-ba75-4efb-a685-f51cfa17b77e,4.8,,166,2023-10-08 15:30:33.451693+07:00
Ba L√¥ Mini Ch·ªëng Th·∫•m N∆∞·ªõc Ch·ªëng Tr·ªôm Tr·ªçng L∆∞·ª£ng Nh·∫π Th·ªùi Trang Cho Nam V√† N·ªØ 9.2,https://shopee.vn/Ba-L%C3%B4-Mini-Ch%E1%BB%91ng-Th%E1%BA%A5m-N%C6%B0%E1%BB%9Bc-Ch%E1%BB%91ng-Tr%E1%BB%99m-Tr%E1%BB%8Dng-L%C6%B0%E1%BB%A3ng-Nh%E1%BA%B9-Th%E1%BB%9Di-Trang-Cho-Nam-V%C3%A0-N%E1%BB%AF-9.2-i.842235688.19141422777?sp_atk=36a8466d-e562-46a8-be5f-6f309743d462&xptdk=36a8466d-e562-46a8-be5f-6f309743d462,4.7,,103,2023-10-08 15:30:37.276563+07:00
D√¢y c·ªôt t√≥c n·ªØ Accessories ph·ª• ki·ªán t√≥c d·ªÖ th∆∞∆°ng phong c√°ch ƒë∆°n gi·∫£n Local Brand M Midori Studio,https://shopee.vn/D%C3%A2y-c%E1%BB%99t-t%C3%B3c-n%E1%BB%AF-Accessories-ph%E1%BB%A5-ki%E1%BB%87n-t%C3%B3c-d%E1%BB%85-th%C6%B0%C6%A1ng-phong-c%C3%A1ch-%C4%91%C6%A1n-gi%E1%BA%A3n-Local-Brand-M-Midori-Studio-i.9770997.6731953419?sp_atk=7d4bb7d7-03cc-4e15-9e56-8d44e32c28ef&xptdk=7d4bb7d7-03cc-4e15-9e56-8d44e32c28ef,4.9,‚Ç´9.000,103,2023-10-08 15:30:41.089171+07:00
"Balo th·ªùi trang, ƒëi h·ªçc, ƒë·ª±ng laptop - BALO N·∫ÆP QTK 2 Kho√°",https://shopee.vn/Balo-th%E1%BB%9Di-trang-%C4%91i-h%E1%BB%8Dc-%C4%91%E1%BB%B1ng-laptop-BALO-N%E1%BA%AEP-QTK-2-Kho%C3%A1-i.64843176.4037151119?sp_atk=d9ebb9b1-ef04-4cf7-8b24-b4884b090ccc&xptdk=d9ebb9b1-ef04-4cf7-8b24-b4884b090ccc,4.5,,3000,2023-10-08 15:30:44.978438+07:00
Balo Th·ªùi Trang Nam ƒê·ª±ng Laptop M√°y T√≠nh X√°ch Tay Nhi·ªÅu NgƒÉn C√≥ C·ªïng S·∫°c Usb Th√¥ng Minh BL13 SUNO STORE,https://shopee.vn/Balo-Th%E1%BB%9Di-Trang-Nam-%C4%90%E1%BB%B1ng-Laptop-M%C3%A1y-T%C3%ADnh-X%C3%A1ch-Tay-Nhi%E1%BB%81u-Ng%C4%83n-C%C3%B3-C%E1%BB%95ng-S%E1%BA%A1c-Usb-Th%C3%B4ng-Minh-BL13-SUNO-STORE-i.502980462.13539318679?sp_atk=5c3ff026-f75d-4ee9-b682-ef617085e310&xptdk=5c3ff026-f75d-4ee9-b682-ef617085e310,4.5,‚Ç´35.000,94,2023-10-08 15:30:48.629786+07:00
"Balo laptop PADO th·ªùi trang nam n·ªØ ƒëi h·ªçc ƒëi l√†m 496 ch·∫•t li·ªáu ch·ªëng th·∫•m, ch·ª©a ƒë∆∞·ª£c t·ªëi ƒëa laptop 15.6inch",https://shopee.vn/Balo-laptop-PADO-th%E1%BB%9Di-trang-nam-n%E1%BB%AF-%C4%91i-h%E1%BB%8Dc-%C4%91i-l%C3%A0m-496-ch%E1%BA%A5t-li%E1%BB%87u-ch%E1%BB%91ng-th%E1%BA%A5m-ch%E1%BB%A9a-%C4%91%C6%B0%E1%BB%A3c-t%E1%BB%91i-%C4%91a-laptop-15.6inch-i.319641612.13153612756?sp_atk=3e63bd49-ce4a-4469-9571-1cd8dd74e1e6&xptdk=3e63bd49-ce4a-4469-9571-1cd8dd74e1e6,4.8,‚Ç´299.000,102,2023-10-08 15:30:53.543144+07:00
T√∫i Ch·ªëng S·ªëc ƒê·ª±ng Laptop STARGO LEDGER 14 Inch,https://shopee.vn/T%C3%BAi-Ch%E1%BB%91ng-S%E1%BB%91c-%C4%90%E1%BB%B1ng-Laptop-STARGO-LEDGER-14-Inch-i.46788019.3556849119?sp_atk=073e9c11-950c-4558-bd35-572898e9d4f4&xptdk=073e9c11-950c-4558-bd35-572898e9d4f4,4.9,,187,2023-10-08 15:30:58.450226+07:00
Balo laptop du l·ªãch th·∫ª thao ch·ªëng n∆∞·ªõc,https://shopee.vn/Balo-laptop-du-l%E1%BB%8Bch-th%E1%BA%BB-thao-ch%E1%BB%91ng-n%C6%B0%E1%BB%9Bc-i.126041855.2687842477?sp_atk=112344e3-6eaf-41aa-833f-ea16718c2b31&xptdk=112344e3-6eaf-41aa-833f-ea16718c2b31,4.9,,213,2023-10-08 15:31:02.210058+07:00
"Balo laptop Nam N·ªØ 15 6 inch ch·ªëng s·ªëc c√≥ c·ªïng USB, t√∫i ƒë·ª±ng m√°y t√≠nh r·∫ª ƒë·∫πp th·ªùi trang sang tr·ªçng",https://shopee.vn/Balo-laptop-Nam-N%E1%BB%AF-15-6-inch-ch%E1%BB%91ng-s%E1%BB%91c-c%C3%B3-c%E1%BB%95ng-USB-t%C3%BAi-%C4%91%E1%BB%B1ng-m%C3%A1y-t%C3%ADnh-r%E1%BA%BB-%C4%91%E1%BA%B9p-th%E1%BB%9Di-trang-sang-tr%E1%BB%8Dng-i.809930563.18024519365?sp_atk=006f81fa-dc5e-4bd8-b558-3e0f04901455&xptdk=006f81fa-dc5e-4bd8-b558-3e0f04901455,4.6,,205,2023-10-08 15:31:07.136605+07:00
"Combo balo 4 m√≥n th·ªùi trang ulzzang, Set balo 4 m√≥n ƒëi h·ªçc, balo 4 m√≥n - m√®o hai kh√≥a ƒë·ªçc s√°ch k·∫πo",https://shopee.vn/Combo-balo-4-m%C3%B3n-th%E1%BB%9Di-trang-ulzzang-Set-balo-4-m%C3%B3n-%C4%91i-h%E1%BB%8Dc-balo-4-m%C3%B3n-m%C3%A8o-hai-kh%C3%B3a-%C4%91%E1%BB%8Dc-s%C3%A1ch-k%E1%BA%B9o-i.64843176.11971411515?sp_atk=343b4792-9d0d-4821-bc3f-cf4b940e910e&xptdk=343b4792-9d0d-4821-bc3f-cf4b940e910e,4.3,,1000,2023-10-08 15:31:11.888596+07:00
√Åo thun Nam N·ªØ form r·ªông tay l·ª° Ph√¥ng Unisex LOVER Local Brand MIDORI FOR MAN,https://shopee.vn/%C3%81o-thun-Nam-N%E1%BB%AF-form-r%E1%BB%99ng-tay-l%E1%BB%A1-Ph%C3%B4ng-Unisex-LOVER-Local-Brand-MIDORI-FOR-MAN-i.462950104.10618998968?sp_atk=05c42326-5402-4172-a250-5f0a928c80ca&xptdk=05c42326-5402-4172-a250-5f0a928c80ca,4.9,,21,2023-10-08 15:31:15.633929+07:00
50x37cm - 4 t·∫ßng - MP19B (Gi√° G·ªëc 325K) - BALO LAPTOP SI√äU R·ªòNG DU L·ªäCH NAM N·ªÆ CH·∫§T L∆Ø·ª¢NG ƒêI H·ªåC ƒêI L√ÄM,https://shopee.vn/50x37cm-4-t%E1%BA%A7ng-MP19B-(Gi%C3%A1-G%E1%BB%91c-325K)-BALO-LAPTOP-SI%C3%8AU-R%E1%BB%98NG-DU-L%E1%BB%8ACH-NAM-N%E1%BB%AE-CH%E1%BA%A4T-L%C6%AF%E1%BB%A2NG-%C4%90I-H%E1%BB%8CC-%C4%90I-L%C3%80M-i.220328891.8954646948?sp_atk=221e5c38-68fb-4048-b2fd-1a1df29e23b2&xptdk=221e5c38-68fb-4048-b2fd-1a1df29e23b2,3.8,,170,2023-10-08 15:31:19.290526+07:00
Balo laptop ch·ªëng n∆∞·ªõc The North Face Fuse Box to nam n·ªØ,https://shopee.vn/Balo-laptop-ch%E1%BB%91ng-n%C6%B0%E1%BB%9Bc-The-North-Face-Fuse-Box-to-nam-n%E1%BB%AF-i.408945264.9635877078?sp_atk=7f140364-6269-4eb8-b1b4-21659a2f3f25&xptdk=7f140364-6269-4eb8-b1b4-21659a2f3f25,4.9,,59,2023-10-08 15:31:24.142542+07:00
Balo laptop CT21 V2.0 Chuyentactical - Ctactical,https://shopee.vn/Balo-laptop-CT21-V2.0-Chuyentactical-Ctactical-i.230894819.21304632154?sp_atk=7d4acdd7-8fa7-4020-adac-ba6ddf64b854&xptdk=7d4acdd7-8fa7-4020-adac-ba6ddf64b854,4.9,,227,2023-10-08 15:31:28.910025+07:00
"BALO LAPTOP DELL, HP , LENOVO ,ACER , THINKPAD 14 15 INCH H√ÄNG SI√äU B·ªÄN, ƒê·∫∏P, CH·∫ÆC CH·∫ÆN",https://shopee.vn/BALO-LAPTOP-DELL-HP-LENOVO-ACER-THINKPAD-14-15-INCH-H%C3%80NG-SI%C3%8AU-B%E1%BB%80N-%C4%90%E1%BA%B8P-CH%E1%BA%AEC-CH%E1%BA%AEN-i.844277208.21064764678?sp_atk=625e7e28-3aed-485f-83b7-5b74e12063f9&xptdk=625e7e28-3aed-485f-83b7-5b74e12063f9,4.8,,32,2023-10-08 15:31:33.764872+07:00
"Balo ch√≠nh h√£ng Gu Bag ƒë·ª±ng m√°y t√≠nh cao c·∫•p, ƒë·ª±ng laptop ch·ªëng n∆∞·ªõc, ch·ªëng s·ªëc, ki·ªÉu d√°ng c√¥ng s·ªü d√†nh cho nam n·ªØ",https://shopee.vn/Balo-ch%C3%ADnh-h%C3%A3ng-Gu-Bag-%C4%91%E1%BB%B1ng-m%C3%A1y-t%C3%ADnh-cao-c%E1%BA%A5p-%C4%91%E1%BB%B1ng-laptop-ch%E1%BB%91ng-n%C6%B0%E1%BB%9Bc-ch%E1%BB%91ng-s%E1%BB%91c-ki%E1%BB%83u-d%C3%A1ng-c%C3%B4ng-s%E1%BB%9F-d%C3%A0nh-cho-nam-n%E1%BB%AF-i.343957836.11722993286?sp_atk=b32cdd21-9114-4963-b17b-6475bf8ba5dd&xptdk=b32cdd21-9114-4963-b17b-6475bf8ba5dd,4.9,,1000,2023-10-08 15:31:37.532514+07:00
"Balo Laptop Nam N·ªØ Th·ªùi Trang Ch·ªëng N∆∞·ªõc ƒê·ª±ng M√°y T√≠nh ,Qu·∫ßn √ÅO Du L·ªãch Nhi·ªÅu NgƒÉn C√≥ Ch√¢n S·∫°c Th√¥ng Minh SUNO BL12",https://shopee.vn/Balo-Laptop-Nam-N%E1%BB%AF-Th%E1%BB%9Di-Trang-Ch%E1%BB%91ng-N%C6%B0%E1%BB%9Bc-%C4%90%E1%BB%B1ng-M%C3%A1y-T%C3%ADnh-Qu%E1%BA%A7n-%C3%81O-Du-L%E1%BB%8Bch-Nhi%E1%BB%81u-Ng%C4%83n-C%C3%B3-Ch%C3%A2n-S%E1%BA%A1c-Th%C3%B4ng-Minh-SUNO-BL12-i.502980462.11562061995?sp_atk=911402c8-99bd-4aa8-ac62-b4738d32c010&xptdk=911402c8-99bd-4aa8-ac62-b4738d32c010,4.6,,154,2023-10-08 15:31:42.284890+07:00
Balo DOLANTO BRAND Daypack Backpack,https://shopee.vn/Balo-DOLANTO-BRAND-Daypack-Backpack-i.309807183.11476379845?sp_atk=ae80cc09-3c68-4aab-bc10-c29a625d6b23&xptdk=ae80cc09-3c68-4aab-bc10-c29a625d6b23,4.9,,1000,2023-10-08 15:31:47.096968+07:00
50x37cm - 4 t·∫ßng - MP19B (Gi√° G·ªëc 325K) - BALO LAPTOP SI√äU R·ªòNG DU L·ªäCH NAM N·ªÆ CH·∫§T L∆Ø·ª¢NG ƒêI H·ªåC ƒêI L√ÄM,https://shopee.vn/50x37cm-4-t%E1%BA%A7ng-MP19B-(Gi%C3%A1-G%E1%BB%91c-325K)-BALO-LAPTOP-SI%C3%8AU-R%E1%BB%98NG-DU-L%E1%BB%8ACH-NAM-N%E1%BB%AE-CH%E1%BA%A4T-L%C6%AF%E1%BB%A2NG-%C4%90I-H%E1%BB%8CC-%C4%90I-L%C3%80M-i.138608761.6488804364?sp_atk=1a50d6b3-3d6b-496a-a882-4e0610512462&xptdk=1a50d6b3-3d6b-496a-a882-4e0610512462,3.8,,152,2023-10-08 15:31:52.127130+07:00
"Balo ƒëi h·ªçc nam n·ªØ, du l·ªãch ch·∫•t li·ªáu v·∫£i d√†y d·∫∑n (k√®m video th·∫≠t)",https://shopee.vn/Balo-%C4%91i-h%E1%BB%8Dc-nam-n%E1%BB%AF-du-l%E1%BB%8Bch-ch%E1%BA%A5t-li%E1%BB%87u-v%E1%BA%A3i-d%C3%A0y-d%E1%BA%B7n-(k%C3%A8m-video-th%E1%BA%ADt)-i.9224727.4260288616?sp_atk=0e2d5c6f-7687-4752-9250-d80335944d5f&xptdk=0e2d5c6f-7687-4752-9250-d80335944d5f,4.9,,3000,2023-10-08 15:31:56.940040+07:00
Balo Laptop 14 Inch Nh·ªè G·ªçn Kim Long KL036,https://shopee.vn/Balo-Laptop-14-Inch-Nh%E1%BB%8F-G%E1%BB%8Dn-Kim-Long-KL036-i.230023756.6617825378?sp_atk=4d8f9568-138b-4ddc-87ea-d0e5b80e27db&xptdk=4d8f9568-138b-4ddc-87ea-d0e5b80e27db,5.0,,69,2023-10-08 15:32:00.663182+07:00
T√∫i ƒëeo ch√©o nam n·ªØ unisex v·∫£i cao c·∫•p ƒë·∫πp ch·ªëng n∆∞·ªõc balo 1 quai th·ªÉ thao ƒë·ª±ng ipad ƒëeo vai c√° t√≠nh DW9075,https://shopee.vn/T%C3%BAi-%C4%91eo-ch%C3%A9o-nam-n%E1%BB%AF-unisex-v%E1%BA%A3i-cao-c%E1%BA%A5p-%C4%91%E1%BA%B9p-ch%E1%BB%91ng-n%C6%B0%E1%BB%9Bc-balo-1-quai-th%E1%BB%83-thao-%C4%91%E1%BB%B1ng-ipad-%C4%91eo-vai-c%C3%A1-t%C3%ADnh-DW9075-i.55746979.3570929298?sp_atk=a4be62a6-078d-41b7-bbda-5162f53a60b9&xptdk=a4be62a6-078d-41b7-bbda-5162f53a60b9,4.9,,648,2023-10-08 15:32:04.477233+07:00
Balo Laptop th·ªùi trang du l·ªãch nam n·ªØ ƒëi h·ªçc ƒëi l√†m h·ªça ti·∫øt nhi·ªÅu m√†u Reputation,https://shopee.vn/Balo-Laptop-th%E1%BB%9Di-trang-du-l%E1%BB%8Bch-nam-n%E1%BB%AF-%C4%91i-h%E1%BB%8Dc-%C4%91i-l%C3%A0m-h%E1%BB%8Da-ti%E1%BA%BFt-nhi%E1%BB%81u-m%C3%A0u-Reputation-i.230791108.5938800076?sp_atk=7681fa00-4e16-44a3-ae84-99474f69c071&xptdk=7681fa00-4e16-44a3-ae84-99474f69c071,5.0,,121,2023-10-08 15:32:09.418617+07:00
T√∫i ƒê·ª±ng Laptop Thi·∫øt K·∫ø M·ªõi Th·ªùi Trang Theo Phong C√°ch H√†n Qu·ªëc,https://shopee.vn/T%C3%BAi-%C4%90%E1%BB%B1ng-Laptop-Thi%E1%BA%BFt-K%E1%BA%BF-M%E1%BB%9Bi-Th%E1%BB%9Di-Trang-Theo-Phong-C%C3%A1ch-H%C3%A0n-Qu%E1%BB%91c-i.346432192.18749532597?sp_atk=47e15948-71c3-4a6d-99ab-6a4d406abe71&xptdk=47e15948-71c3-4a6d-99ab-6a4d406abe71,4.6,,62,2023-10-08 15:32:14.198454+07:00
"Balo Laptop, C·∫∑p ƒê·ª±ng M√°y T√≠nh C√° Nh√¢n KT 41 x 28 x 12 cm ƒê·∫πp V√† Ch·ªëng S·ªëc Gi√° R·∫ª",https://shopee.vn/Balo-Laptop-C%E1%BA%B7p-%C4%90%E1%BB%B1ng-M%C3%A1y-T%C3%ADnh-C%C3%A1-Nh%C3%A2n-KT-41-x-28-x-12-cm-%C4%90%E1%BA%B9p-V%C3%A0-Ch%E1%BB%91ng-S%E1%BB%91c-Gi%C3%A1-R%E1%BA%BB-i.420073099.22527280115?sp_atk=cb9daedc-b8a1-43c7-9677-3d7a775e8b3a&xptdk=cb9daedc-b8a1-43c7-9677-3d7a775e8b3a,4.4,,753,2023-10-08 15:32:17.996953+07:00
Balo ƒëi h·ªçc th·ªùi trang Nam n·ªØ ch·ªëng n∆∞·ªõc ƒë·ª±ng laptop Season 9 Local Brand Midori M Studio,https://shopee.vn/Balo-%C4%91i-h%E1%BB%8Dc-th%E1%BB%9Di-trang-Nam-n%E1%BB%AF-ch%E1%BB%91ng-n%C6%B0%E1%BB%9Bc-%C4%91%E1%BB%B1ng-laptop-Season-9-Local-Brand-Midori-M-Studio-i.68467125.9926779009?sp_atk=41a6ee50-6157-4f92-8346-af1117e92d92&xptdk=41a6ee50-6157-4f92-8346-af1117e92d92,4.8,‚Ç´600.000,95,2023-10-08 15:32:21.906294+07:00
50x37cm Balo Laptop Si√™u R·ªông Du L·ªãch Nam N·ªØ Ch·∫•t L∆∞·ª£ng ƒêI H·ªçc ƒêi L√†m 4 T·∫ßng R·ªông Nhi·ªÅu M√†u - MP19B,https://shopee.vn/50x37cm-Balo-Laptop-Si%C3%AAu-R%E1%BB%99ng-Du-L%E1%BB%8Bch-Nam-N%E1%BB%AF-Ch%E1%BA%A5t-L%C6%B0%E1%BB%A3ng-%C4%90I-H%E1%BB%8Dc-%C4%90i-L%C3%A0m-4-T%E1%BA%A7ng-R%E1%BB%99ng-Nhi%E1%BB%81u-M%C3%A0u-MP19B-i.147145839.2834748046?sp_atk=306ad40d-b5d0-4811-b484-9677b2db4a7b&xptdk=306ad40d-b5d0-4811-b484-9677b2db4a7b,4.9,,1000,2023-10-08 15:32:25.844033+07:00
50x37cm (Gi√° G·ªëc 325K) Balo Laptop Si√™u R·ªông Du L·ªãch Nam N·ªØ Ch·∫•t L∆∞·ª£ng ƒêi H·ªçc ƒêi L√†m 4 T·∫ßng R·ªông Nhi·ªÅu M√†u - MP19,https://shopee.vn/50x37cm-(Gi%C3%A1-G%E1%BB%91c-325K)-Balo-Laptop-Si%C3%AAu-R%E1%BB%99ng-Du-L%E1%BB%8Bch-Nam-N%E1%BB%AF-Ch%E1%BA%A5t-L%C6%B0%E1%BB%A3ng-%C4%90i-H%E1%BB%8Dc-%C4%90i-L%C3%A0m-4-T%E1%BA%A7ng-R%E1%BB%99ng-Nhi%E1%BB%81u-M%C3%A0u-MP19-i.147145839.2700901556?sp_atk=15a74933-9f9a-4805-ba88-2db22b658cdd&xptdk=15a74933-9f9a-4805-ba88-2db22b658cdd,4.9,,6000,2023-10-08 15:32:29.562272+07:00
"Balo C·∫∑p ƒê·ª±ng laptop nam n·ªØ 15 6 inch ch·ªëng s·ªëc, t√∫i ƒë·ª±ng m√°y t√≠nh r·∫ª ƒë·∫πp th·ªùi trang c√≥ c·ªïng s·∫°c usb ti·ªán l·ª£i",https://shopee.vn/Balo-C%E1%BA%B7p-%C4%90%E1%BB%B1ng-laptop-nam-n%E1%BB%AF-15-6-inch-ch%E1%BB%91ng-s%E1%BB%91c-t%C3%BAi-%C4%91%E1%BB%B1ng-m%C3%A1y-t%C3%ADnh-r%E1%BA%BB-%C4%91%E1%BA%B9p-th%E1%BB%9Di-trang-c%C3%B3-c%E1%BB%95ng-s%E1%BA%A1c-usb-ti%E1%BB%87n-l%E1%BB%A3i-i.161380883.16072907237?sp_atk=0a774811-1d8c-4b79-a204-143c9e3944c1&xptdk=0a774811-1d8c-4b79-a204-143c9e3944c1,4.6,,147,2023-10-08 15:32:33.302143+07:00
Balo BAMA Border Backpack,https://shopee.vn/Balo-BAMA-Border-Backpack-i.63351086.17478287414?sp_atk=ca081067-ab7d-44b0-8c10-9e9163069cac&xptdk=ca081067-ab7d-44b0-8c10-9e9163069cac,4.9,,9000,2023-10-08 15:32:37.070907+07:00
"[X·∫£ Kho VNXK - H√†ng ƒê·ªôc Quy·ªÅn] üî• FREESHIP üî• Balo laptop th·ªùi trang nam n·ªØ phong c√°ch tr·∫ª trung, nƒÉng ƒë·ªông",https://shopee.vn/-X%E1%BA%A3-Kho-VNXK-H%C3%A0ng-%C4%90%E1%BB%99c-Quy%E1%BB%81n-%F0%9F%94%A5-FREESHIP-%F0%9F%94%A5-Balo-laptop-th%E1%BB%9Di-trang-nam-n%E1%BB%AF-phong-c%C3%A1ch-tr%E1%BA%BB-trung-n%C4%83ng-%C4%91%E1%BB%99ng-i.74267239.11705294826?sp_atk=6262899b-f90e-42b8-a68b-efe80bf0b514&xptdk=6262899b-f90e-42b8-a68b-efe80bf0b514,4.8,‚Ç´350.000,30,2023-10-08 15:32:40.796228+07:00
Balo ƒëi h·ªçc nam n·ªØ nhi·ªÅu ngƒÉn du l·ªãch ƒëi ch∆°i ch·ªëng n∆∞·ªõc ch·ªëng s·ªëc th·ªùi trang th·ªÉ thao t√∫i ƒë·ª±ng laptop 15 6 inch 181BL2,https://shopee.vn/Balo-%C4%91i-h%E1%BB%8Dc-nam-n%E1%BB%AF-nhi%E1%BB%81u-ng%C4%83n-du-l%E1%BB%8Bch-%C4%91i-ch%C6%A1i-ch%E1%BB%91ng-n%C6%B0%E1%BB%9Bc-ch%E1%BB%91ng-s%E1%BB%91c-th%E1%BB%9Di-trang-th%E1%BB%83-thao-t%C3%BAi-%C4%91%E1%BB%B1ng-laptop-15-6-inch-181BL2-i.374371631.23927191594?sp_atk=7eab050a-6ec4-4d80-9806-580132fd45ec&xptdk=7eab050a-6ec4-4d80-9806-580132fd45ec,,,1,2023-10-08 15:32:44.739854+07:00
Leacat Balo ƒë·ª±ng laptop c·ª° 14inch thi·∫øt k·∫ø th·ªùi trang cho n·ªØ,https://shopee.vn/Leacat-Balo-%C4%91%E1%BB%B1ng-laptop-c%E1%BB%A1-14inch-thi%E1%BA%BFt-k%E1%BA%BF-th%E1%BB%9Di-trang-cho-n%E1%BB%AF-i.163313806.19703203409?sp_atk=de05d3df-d132-43dd-90bc-98719782aaf6&xptdk=de05d3df-d132-43dd-90bc-98719782aaf6,4.8,,208,2023-10-08 15:32:49.361768+07:00
Balo Mini Ch·∫ßn B√¥ng SAIGON SWAGGER¬Æ NOIR PUFFER BACKPACK,https://shopee.vn/Balo-Mini-Ch%E1%BA%A7n-B%C3%B4ng-SAIGON-SWAGGER%C2%AE-NOIR-PUFFER-BACKPACK-i.25604554.11597877904?sp_atk=deb21b81-8ef1-4156-b27c-e5bcb44674b3&xptdk=deb21b81-8ef1-4156-b27c-e5bcb44674b3,4.9,,1000,2023-10-08 15:32:53.293411+07:00
Balo laptop fuse box TNF,https://shopee.vn/Balo-laptop-fuse-box-TNF-i.280650008.2948046120?sp_atk=6bd581a3-78dd-41ec-aca3-d2bbd810ba2d&xptdk=6bd581a3-78dd-41ec-aca3-d2bbd810ba2d,4.8,,139,2023-10-08 15:32:57.938401+07:00
Balo ch·ªëng n∆∞·ªõc Fuse Box 12 m·∫ßu the north face,https://shopee.vn/Balo-ch%E1%BB%91ng-n%C6%B0%E1%BB%9Bc-Fuse-Box-12-m%E1%BA%A7u-the-north-face-i.275229914.3738664794?sp_atk=2746b98d-f85e-46d0-8be3-739bcf5823a5&xptdk=2746b98d-f85e-46d0-8be3-739bcf5823a5,5.0,,136,2023-10-08 15:33:01.756247+07:00
Balo ƒë·ª±ng laptop cao c·∫•p c√≥ c·ªëng s·∫°c USB J.Qmei - Oz165,https://shopee.vn/Balo-%C4%91%E1%BB%B1ng-laptop-cao-c%E1%BA%A5p-c%C3%B3-c%E1%BB%91ng-s%E1%BA%A1c-USB-J.Qmei-Oz165-i.14293052.16416414508?sp_atk=f1856bcc-58a6-41de-84c0-6063438d7125&xptdk=f1856bcc-58a6-41de-84c0-6063438d7125,4.9,,263,2023-10-08 15:33:05.498674+07:00
Balo OZUKO ch·ªëng n∆∞·ªõc c√≥ c·ªïng s·∫°c USB,https://shopee.vn/Balo-OZUKO-ch%E1%BB%91ng-n%C6%B0%E1%BB%9Bc-c%C3%B3-c%E1%BB%95ng-s%E1%BA%A1c-USB-i.552140143.13322992226?sp_atk=056ec811-ae62-4e4f-86e2-67530cf886fc&xptdk=056ec811-ae62-4e4f-86e2-67530cf886fc,4.9,,633,2023-10-08 15:33:10.365595+07:00
Balo Da Laptop 14 Inch Ch·∫•t Li·ªáu Sang Tr·ªçng Th·ªùi Trang Kim Long KL630,https://shopee.vn/Balo-Da-Laptop-14-Inch-Ch%E1%BA%A5t-Li%E1%BB%87u-Sang-Tr%E1%BB%8Dng-Th%E1%BB%9Di-Trang-Kim-Long-KL630-i.230023756.18669784352?sp_atk=6becf94b-f210-4137-8d49-8138b55e22c3&xptdk=6becf94b-f210-4137-8d49-8138b55e22c3,5.0,,514,2023-10-08 15:33:14.076443+07:00
"c·∫∑p ATTACK ON TITAN, √°o balo ƒë·ªôi trinh s√°t trong ATTACK ON TITAN ph·∫£n quang-may 3 l·ªõp 4 ngƒÉn ( c√≥ ngƒÉn ƒë·ª±ng laptop)",https://shopee.vn/c%E1%BA%B7p-ATTACK-ON-TITAN-%C3%A1o-balo-%C4%91%E1%BB%99i-trinh-s%C3%A1t-trong-ATTACK-ON-TITAN-ph%E1%BA%A3n-quang-may-3-l%E1%BB%9Bp-4-ng%C4%83n-(-c%C3%B3-ng%C4%83n-%C4%91%E1%BB%B1ng-laptop)-i.123632050.8822800726?sp_atk=794885f8-4d5b-4e5e-a49a-8dd31a7658fd&xptdk=794885f8-4d5b-4e5e-a49a-8dd31a7658fd,4.9,,183,2023-10-08 15:33:17.878382+07:00
C·∫∑p vƒÉn ph√≤ng 1 -2 ƒëa nƒÉng ƒëeo ch√©o Balo ch·ªëng s·ªëc laptop ch·∫•t D√π cao c·∫•p 10 ki·ªÉu m·∫´u GSR H991 {H√¨nh th·∫≠t},https://shopee.vn/C%E1%BA%B7p-v%C4%83n-ph%C3%B2ng-1-2-%C4%91a-n%C4%83ng-%C4%91eo-ch%C3%A9o-Balo-ch%E1%BB%91ng-s%E1%BB%91c-laptop-ch%E1%BA%A5t-D%C3%B9-cao-c%E1%BA%A5p-10-ki%E1%BB%83u-m%E1%BA%ABu-GSR-H991-H%C3%ACnh-th%E1%BA%ADt--i.67830099.21351596864?sp_atk=9d5d96b6-1cae-4abf-bf4b-e436a32ab7f4&xptdk=9d5d96b6-1cae-4abf-bf4b-e436a32ab7f4,4.7,,51,2023-10-08 15:33:21.514711+07:00
Balo BAMA Border Mini Backpack,https://shopee.vn/Balo-BAMA-Border-Mini-Backpack-i.63351086.18865709544?sp_atk=ae1bda58-090e-4b30-bb19-c30809bf0077&xptdk=ae1bda58-090e-4b30-bb19-c30809bf0077,4.8,,529,2023-10-08 15:33:25.222394+07:00
"Balo ƒê·ª±ng Laptop Si√™u Nh·∫π GENOO Ch·∫•t Li·ªáu Microfiber Cao C·∫•p Ch·ªëng N∆∞·ªõc Ki·ªÉu D√°ng Ultra Slim Si√™u M·ªèng, Si√™u Nh·∫π",https://shopee.vn/Balo-%C4%90%E1%BB%B1ng-Laptop-Si%C3%AAu-Nh%E1%BA%B9-GENOO-Ch%E1%BA%A5t-Li%E1%BB%87u-Microfiber-Cao-C%E1%BA%A5p-Ch%E1%BB%91ng-N%C6%B0%E1%BB%9Bc-Ki%E1%BB%83u-D%C3%A1ng-Ultra-Slim-Si%C3%AAu-M%E1%BB%8Fng-Si%C3%AAu-Nh%E1%BA%B9-i.323534796.20650013008?sp_atk=2f18f25e-f2e4-4b9a-83c5-4425499de9b1&xptdk=2f18f25e-f2e4-4b9a-83c5-4425499de9b1,5.0,,152,2023-10-08 15:33:29.930241+07:00
"Balo th·ªùi trang nam n·ªØ ƒëi h·ªçc, ƒëi ch∆°i ƒë·ª±ng ƒë∆∞·ª£c laptop BALO 4.0",https://shopee.vn/Balo-th%E1%BB%9Di-trang-nam-n%E1%BB%AF-%C4%91i-h%E1%BB%8Dc-%C4%91i-ch%C6%A1i-%C4%91%E1%BB%B1ng-%C4%91%C6%B0%E1%BB%A3c-laptop-BALO-4.0-i.64669559.2354523211?sp_atk=888c3a82-ca72-4de6-a215-7d220620ec40&xptdk=888c3a82-ca72-4de6-a215-7d220620ec40,4.9,,8000,2023-10-08 15:33:34.646891+07:00
"Balo nam, nuÃõÃÉ ƒëi hoÃ£c reÃâ ƒë·ª±ng v·ª´a laptop 14 inch",https://shopee.vn/Balo-nam-nu%CC%9B%CC%83-%C4%91i-ho%CC%A3c-re%CC%89-%C4%91%E1%BB%B1ng-v%E1%BB%ABa-laptop-14-inch-i.311400757.7557150679?sp_atk=d5dd35df-c79a-423b-97dc-7e1105e3a470&xptdk=d5dd35df-c79a-423b-97dc-7e1105e3a470,4.9,,414,2023-10-08 15:33:39.571514+07:00
"Balo ,Ba L√¥ Th·ªùi Trang H√†n Qu·ªëc Unisex H√¨nh BoyMusic V√† OnePiece VITAS -VT176 (T·∫∑ng c√°p USB)",https://shopee.vn/Balo-Ba-L%C3%B4-Th%E1%BB%9Di-Trang-H%C3%A0n-Qu%E1%BB%91c-Unisex-H%C3%ACnh-BoyMusic-V%C3%A0-OnePiece-VITAS-VT176-(T%E1%BA%B7ng-c%C3%A1p-USB)-i.142265968.16689357173?sp_atk=8dbd39fa-fd10-42dd-a228-114be4aa37d4&xptdk=8dbd39fa-fd10-42dd-a228-114be4aa37d4,4.8,‚Ç´260.000,137,2023-10-08 15:33:43.416975+07:00
"Balo ch·ªëng s·ªëc Laptop Macbook th·ªùi trang H√†n Qu·ªëc 2022, PKC-BL04",https://shopee.vn/Balo-ch%E1%BB%91ng-s%E1%BB%91c-Laptop-Macbook-th%E1%BB%9Di-trang-H%C3%A0n-Qu%E1%BB%91c-2022-PKC-BL04-i.15437713.20702112267?sp_atk=90bdf919-e851-4bfe-a539-7819ded8c41b&xptdk=90bdf919-e851-4bfe-a539-7819ded8c41b,5.0,,88,2023-10-08 15:33:47.113216+07:00
Ba L√¥ ƒê·ª±ng Laptop 14 15.6 inch Ch·ªëng Th·∫•m N∆∞·ªõc Ch·∫•t L∆∞·ª£ng Cao D√†nh Cho N·ªØ,https://shopee.vn/Ba-L%C3%B4-%C4%90%E1%BB%B1ng-Laptop-14-15.6-inch-Ch%E1%BB%91ng-Th%E1%BA%A5m-N%C6%B0%E1%BB%9Bc-Ch%E1%BA%A5t-L%C6%B0%E1%BB%A3ng-Cao-D%C3%A0nh-Cho-N%E1%BB%AF-i.780820401.14785851001?sp_atk=0631ddeb-7270-4229-8f65-a29bec98c460&xptdk=0631ddeb-7270-4229-8f65-a29bec98c460,4.7,,127,2023-10-08 15:33:51.015005+07:00
FULL DESIGN Ba L√¥ ƒê·ª±ng Laptop 14 inch Ch·ªëng Th·∫•m N∆∞·ªõc Ti·ªán L·ª£i,https://shopee.vn/FULL-DESIGN-Ba-L%C3%B4-%C4%90%E1%BB%B1ng-Laptop-14-inch-Ch%E1%BB%91ng-Th%E1%BA%A5m-N%C6%B0%E1%BB%9Bc-Ti%E1%BB%87n-L%E1%BB%A3i-i.837814378.21433793217?sp_atk=0f961e0d-a3b8-4861-a305-e098ef10bce4&xptdk=0f961e0d-a3b8-4861-a305-e098ef10bce4,4.8,,34,2023-10-08 15:33:54.627577+07:00
,https://shopee.vn/Balo-leo-n%C3%BAi-CAMEL-thi%E1%BA%BFt-k%E1%BA%BF-si%C3%AAu-nh%E1%BA%B9-s%E1%BB%AD-d%E1%BB%A5ng-khi-%C4%91i-du-l%E1%BB%8Bch-i.264049024.3759723707?sp_atk=a800993b-f67f-49b8-bf97-e34944bdca8a&xptdk=a800993b-f67f-49b8-bf97-e34944bdca8a,,,,2023-10-08 15:33:59.544057+07:00
,https://shopee.vn/Balo-%C4%90%E1%BB%B1ng-Laptop-C%E1%BB%A1-%C4%90%E1%BA%A1i-5509-i.158011666.13151172191?sp_atk=9705df67-3d99-4fc4-8555-61e6d492d769&xptdk=9705df67-3d99-4fc4-8555-61e6d492d769,,,,2023-10-08 15:34:04.208731+07:00
,https://shopee.vn/%E2%9A%A1%EF%B8%8F-(GI%C3%81-R%E1%BA%BA-NH%E1%BA%A4T-SHOPEE)-Balo-Ph%E1%BA%A3n-Quang-3D-Diamond-HOTRENDY-2020-UNISEX-(%E1%BA%A3nh-th%E1%BA%ADt)-CAM-K%E1%BA%BET-CH%E1%BA%A4T-L%C6%AF%E1%BB%A2NG-v%E1%BB%9Bi-KH-i.158011666.2406696735?sp_atk=bf1e9428-9385-4983-9889-87928841bd66&xptdk=bf1e9428-9385-4983-9889-87928841bd66,,,,2023-10-08 15:34:07.895995+07:00
